﻿"STATISTIC","Statistic","TLIST(A1)","Year","C0259V03821","NACE Rev. 2 Sector","UNIT","VALUE"
"EAA16C01","Sulphur Dioxide (SO2) Emissions","2013","2013","V0100","Agriculture, forestry and fishing (01 to 03)","000 Tonnes SO2 Equivalents","0.1"
"EAA16C01","Sulphur Dioxide (SO2) Emissions","2013","2013","V1505","Industries and construction (05 to 43)","000 Tonnes SO2 Equivalents","14.3"
"EAA16C01","Sulphur Dioxide (SO2) Emissions","2013","2013","V39845","Services (45 to 96)","000 Tonnes SO2 Equivalents","0.5"
"EAA16C01","Sulphur Dioxide (SO2) Emissions","2013","2013","ZXD100","Households","000 Tonnes SO2 Equivalents","8.8"
"EAA16C01","Sulphur Dioxide (SO2) Emissions","2013","2013","ZXD400","Total Residence Principle Emissions","000 Tonnes SO2 Equivalents","23.8"
"EAA16C01","Sulphur Dioxide (SO2) Emissions","2013","2013","ZXD500","Adjustment for Non-resident Activity in Ireland","000 Tonnes SO2 Equivalents","0"
"EAA16C01","Sulphur Dioxide (SO2) Emissions","2013","2013","ZXD600","Adjustment for Irish Resident Activity Abroad","000 Tonnes SO2 Equivalents","0"
"EAA16C01","Sulphur Dioxide (SO2) Emissions","2013","2013","ZXD700","Total Territorial Principle Emissions","000 Tonnes SO2 Equivalents","23.8"
"EAA16C01","Sulphur Dioxide (SO2) Emissions","2014","2014","V0100","Agriculture, forestry and fishing (01 to 03)","000 Tonnes SO2 Equivalents","0.1"
"EAA16C01","Sulphur Dioxide (SO2) Emissions","2014","2014","V1505","Industries and construction (05 to 43)","000 Tonnes SO2 Equivalents","9.5"
"EAA16C01","Sulphur Dioxide (SO2) Emissions","2014","2014","V39845","Services (45 to 96)","000 Tonnes SO2 Equivalents","0.3"
"EAA16C01","Sulphur Dioxide (SO2) Emissions","2014","2014","ZXD100","Households","000 Tonnes SO2 Equivalents","7.8"
"EAA16C01","Sulphur Dioxide (SO2) Emissions","2014","2014","ZXD400","Total Residence Principle Emissions","000 Tonnes SO2 Equivalents","17.6"
"EAA16C01","Sulphur Dioxide (SO2) Emissions","2014","2014","ZXD500","Adjustment for Non-resident Activity in Ireland","000 Tonnes SO2 Equivalents","0"
"EAA16C01","Sulphur Dioxide (SO2) Emissions","2014","2014","ZXD600","Adjustment for Irish Resident Activity Abroad","000 Tonnes SO2 Equivalents","0"
"EAA16C01","Sulphur Dioxide (SO2) Emissions","2014","2014","ZXD700","Total Territorial Principle Emissions","000 Tonnes SO2 Equivalents","17.6"
"EAA16C01","Sulphur Dioxide (SO2) Emissions","2015","2015","V0100","Agriculture, forestry and fishing (01 to 03)","000 Tonnes SO2 Equivalents","0"
"EAA16C01","Sulphur Dioxide (SO2) Emissions","2015","2015","V1505","Industries and construction (05 to 43)","000 Tonnes SO2 Equivalents","8"
"EAA16C01","Sulphur Dioxide (SO2) Emissions","2015","2015","V39845","Services (45 to 96)","000 Tonnes SO2 Equivalents","0.3"
"EAA16C01","Sulphur Dioxide (SO2) Emissions","2015","2015","ZXD100","Households","000 Tonnes SO2 Equivalents","7.6"
"EAA16C01","Sulphur Dioxide (SO2) Emissions","2015","2015","ZXD400","Total Residence Principle Emissions","000 Tonnes SO2 Equivalents","15.9"
"EAA16C01","Sulphur Dioxide (SO2) Emissions","2015","2015","ZXD500","Adjustment for Non-resident Activity in Ireland","000 Tonnes SO2 Equivalents","0"
"EAA16C01","Sulphur Dioxide (SO2) Emissions","2015","2015","ZXD600","Adjustment for Irish Resident Activity Abroad","000 Tonnes SO2 Equivalents","0"
"EAA16C01","Sulphur Dioxide (SO2) Emissions","2015","2015","ZXD700","Total Territorial Principle Emissions","000 Tonnes SO2 Equivalents","15.9"
"EAA16C01","Sulphur Dioxide (SO2) Emissions","2016","2016","V0100","Agriculture, forestry and fishing (01 to 03)","000 Tonnes SO2 Equivalents","0"
"EAA16C01","Sulphur Dioxide (SO2) Emissions","2016","2016","V1505","Industries and construction (05 to 43)","000 Tonnes SO2 Equivalents","6.7"
"EAA16C01","Sulphur Dioxide (SO2) Emissions","2016","2016","V39845","Services (45 to 96)","000 Tonnes SO2 Equivalents","0.3"
"EAA16C01","Sulphur Dioxide (SO2) Emissions","2016","2016","ZXD100","Households","000 Tonnes SO2 Equivalents","7.4"
"EAA16C01","Sulphur Dioxide (SO2) Emissions","2016","2016","ZXD400","Total Residence Principle Emissions","000 Tonnes SO2 Equivalents","14.4"
"EAA16C01","Sulphur Dioxide (SO2) Emissions","2016","2016","ZXD500","Adjustment for Non-resident Activity in Ireland","000 Tonnes SO2 Equivalents","0"
"EAA16C01","Sulphur Dioxide (SO2) Emissions","2016","2016","ZXD600","Adjustment for Irish Resident Activity Abroad","000 Tonnes SO2 Equivalents","0"
"EAA16C01","Sulphur Dioxide (SO2) Emissions","2016","2016","ZXD700","Total Territorial Principle Emissions","000 Tonnes SO2 Equivalents","14.4"
"EAA16C01","Sulphur Dioxide (SO2) Emissions","2017","2017","V0100","Agriculture, forestry and fishing (01 to 03)","000 Tonnes SO2 Equivalents","0.1"
"EAA16C01","Sulphur Dioxide (SO2) Emissions","2017","2017","V1505","Industries and construction (05 to 43)","000 Tonnes SO2 Equivalents","6.7"
"EAA16C01","Sulphur Dioxide (SO2) Emissions","2017","2017","V39845","Services (45 to 96)","000 Tonnes SO2 Equivalents","0.4"
"EAA16C01","Sulphur Dioxide (SO2) Emissions","2017","2017","ZXD100","Households","000 Tonnes SO2 Equivalents","7.8"
"EAA16C01","Sulphur Dioxide (SO2) Emissions","2017","2017","ZXD400","Total Residence Principle Emissions","000 Tonnes SO2 Equivalents","15"
"EAA16C01","Sulphur Dioxide (SO2) Emissions","2017","2017","ZXD500","Adjustment for Non-resident Activity in Ireland","000 Tonnes SO2 Equivalents","0"
"EAA16C01","Sulphur Dioxide (SO2) Emissions","2017","2017","ZXD600","Adjustment for Irish Resident Activity Abroad","000 Tonnes SO2 Equivalents","0"
"EAA16C01","Sulphur Dioxide (SO2) Emissions","2017","2017","ZXD700","Total Territorial Principle Emissions","000 Tonnes SO2 Equivalents","15"
"EAA16C01","Sulphur Dioxide (SO2) Emissions","2018","2018","V0100","Agriculture, forestry and fishing (01 to 03)","000 Tonnes SO2 Equivalents","0.1"
"EAA16C01","Sulphur Dioxide (SO2) Emissions","2018","2018","V1505","Industries and construction (05 to 43)","000 Tonnes SO2 Equivalents","5.9"
"EAA16C01","Sulphur Dioxide (SO2) Emissions","2018","2018","V39845","Services (45 to 96)","000 Tonnes SO2 Equivalents","0.4"
"EAA16C01","Sulphur Dioxide (SO2) Emissions","2018","2018","ZXD100","Households","000 Tonnes SO2 Equivalents","8.3"
"EAA16C01","Sulphur Dioxide (SO2) Emissions","2018","2018","ZXD400","Total Residence Principle Emissions","000 Tonnes SO2 Equivalents","14.6"
"EAA16C01","Sulphur Dioxide (SO2) Emissions","2018","2018","ZXD500","Adjustment for Non-resident Activity in Ireland","000 Tonnes SO2 Equivalents","0"
"EAA16C01","Sulphur Dioxide (SO2) Emissions","2018","2018","ZXD600","Adjustment for Irish Resident Activity Abroad","000 Tonnes SO2 Equivalents","0"
"EAA16C01","Sulphur Dioxide (SO2) Emissions","2018","2018","ZXD700","Total Territorial Principle Emissions","000 Tonnes SO2 Equivalents","14.6"
"EAA16C02","Nitrogen Oxide (NOx) Emissions","2013","2013","V0100","Agriculture, forestry and fishing (01 to 03)","000 Tonnes NOX","38.9"
"EAA16C02","Nitrogen Oxide (NOx) Emissions","2013","2013","V1505","Industries and construction (05 to 43)","000 Tonnes NOX","22.3"
"EAA16C02","Nitrogen Oxide (NOx) Emissions","2013","2013","V39845","Services (45 to 96)","000 Tonnes NOX","25.5"
"EAA16C02","Nitrogen Oxide (NOx) Emissions","2013","2013","ZXD100","Households","000 Tonnes NOX","23.2"
"EAA16C02","Nitrogen Oxide (NOx) Emissions","2013","2013","ZXD400","Total Residence Principle Emissions","000 Tonnes NOX","109.9"
"EAA16C02","Nitrogen Oxide (NOx) Emissions","2013","2013","ZXD500","Adjustment for Non-resident Activity in Ireland","000 Tonnes NOX","5.3"
"EAA16C02","Nitrogen Oxide (NOx) Emissions","2013","2013","ZXD600","Adjustment for Irish Resident Activity Abroad","000 Tonnes NOX","-2.1"
"EAA16C02","Nitrogen Oxide (NOx) Emissions","2013","2013","ZXD700","Total Territorial Principle Emissions","000 Tonnes NOX","113.1"
"EAA16C02","Nitrogen Oxide (NOx) Emissions","2014","2014","V0100","Agriculture, forestry and fishing (01 to 03)","000 Tonnes NOX","36.9"
"EAA16C02","Nitrogen Oxide (NOx) Emissions","2014","2014","V1505","Industries and construction (05 to 43)","000 Tonnes NOX","22.2"
"EAA16C02","Nitrogen Oxide (NOx) Emissions","2014","2014","V39845","Services (45 to 96)","000 Tonnes NOX","25.3"
"EAA16C02","Nitrogen Oxide (NOx) Emissions","2014","2014","ZXD100","Households","000 Tonnes NOX","23.5"
"EAA16C02","Nitrogen Oxide (NOx) Emissions","2014","2014","ZXD400","Total Residence Principle Emissions","000 Tonnes NOX","107.9"
"EAA16C02","Nitrogen Oxide (NOx) Emissions","2014","2014","ZXD500","Adjustment for Non-resident Activity in Ireland","000 Tonnes NOX","6.3"
"EAA16C02","Nitrogen Oxide (NOx) Emissions","2014","2014","ZXD600","Adjustment for Irish Resident Activity Abroad","000 Tonnes NOX","-2.1"
"EAA16C02","Nitrogen Oxide (NOx) Emissions","2014","2014","ZXD700","Total Territorial Principle Emissions","000 Tonnes NOX","112.1"
"EAA16C02","Nitrogen Oxide (NOx) Emissions","2015","2015","V0100","Agriculture, forestry and fishing (01 to 03)","000 Tonnes NOX","36.7"
"EAA16C02","Nitrogen Oxide (NOx) Emissions","2015","2015","V1505","Industries and construction (05 to 43)","000 Tonnes NOX","23.7"
"EAA16C02","Nitrogen Oxide (NOx) Emissions","2015","2015","V39845","Services (45 to 96)","000 Tonnes NOX","24.2"
"EAA16C02","Nitrogen Oxide (NOx) Emissions","2015","2015","ZXD100","Households","000 Tonnes NOX","23.5"
"EAA16C02","Nitrogen Oxide (NOx) Emissions","2015","2015","ZXD400","Total Residence Principle Emissions","000 Tonnes NOX","108"
"EAA16C02","Nitrogen Oxide (NOx) Emissions","2015","2015","ZXD500","Adjustment for Non-resident Activity in Ireland","000 Tonnes NOX","8.6"
"EAA16C02","Nitrogen Oxide (NOx) Emissions","2015","2015","ZXD600","Adjustment for Irish Resident Activity Abroad","000 Tonnes NOX","-2"
"EAA16C02","Nitrogen Oxide (NOx) Emissions","2015","2015","ZXD700","Total Territorial Principle Emissions","000 Tonnes NOX","114.6"
"EAA16C02","Nitrogen Oxide (NOx) Emissions","2016","2016","V0100","Agriculture, forestry and fishing (01 to 03)","000 Tonnes NOX","37.4"
"EAA16C02","Nitrogen Oxide (NOx) Emissions","2016","2016","V1505","Industries and construction (05 to 43)","000 Tonnes NOX","22.7"
"EAA16C02","Nitrogen Oxide (NOx) Emissions","2016","2016","V39845","Services (45 to 96)","000 Tonnes NOX","27.3"
"EAA16C02","Nitrogen Oxide (NOx) Emissions","2016","2016","ZXD100","Households","000 Tonnes NOX","22.8"
"EAA16C02","Nitrogen Oxide (NOx) Emissions","2016","2016","ZXD400","Total Residence Principle Emissions","000 Tonnes NOX","110.1"
"EAA16C02","Nitrogen Oxide (NOx) Emissions","2016","2016","ZXD500","Adjustment for Non-resident Activity in Ireland","000 Tonnes NOX","6.6"
"EAA16C02","Nitrogen Oxide (NOx) Emissions","2016","2016","ZXD600","Adjustment for Irish Resident Activity Abroad","000 Tonnes NOX","-2"
"EAA16C02","Nitrogen Oxide (NOx) Emissions","2016","2016","ZXD700","Total Territorial Principle Emissions","000 Tonnes NOX","114.6"
"EAA16C02","Nitrogen Oxide (NOx) Emissions","2017","2017","V0100","Agriculture, forestry and fishing (01 to 03)","000 Tonnes NOX","39.5"
"EAA16C02","Nitrogen Oxide (NOx) Emissions","2017","2017","V1505","Industries and construction (05 to 43)","000 Tonnes NOX","21.7"
"EAA16C02","Nitrogen Oxide (NOx) Emissions","2017","2017","V39845","Services (45 to 96)","000 Tonnes NOX","26.7"
"EAA16C02","Nitrogen Oxide (NOx) Emissions","2017","2017","ZXD100","Households","000 Tonnes NOX","21.3"
"EAA16C02","Nitrogen Oxide (NOx) Emissions","2017","2017","ZXD400","Total Residence Principle Emissions","000 Tonnes NOX","109.2"
"EAA16C02","Nitrogen Oxide (NOx) Emissions","2017","2017","ZXD500","Adjustment for Non-resident Activity in Ireland","000 Tonnes NOX","3.4"
"EAA16C02","Nitrogen Oxide (NOx) Emissions","2017","2017","ZXD600","Adjustment for Irish Resident Activity Abroad","000 Tonnes NOX","-1.9"
"EAA16C02","Nitrogen Oxide (NOx) Emissions","2017","2017","ZXD700","Total Territorial Principle Emissions","000 Tonnes NOX","110.7"
"EAA16C02","Nitrogen Oxide (NOx) Emissions","2018","2018","V0100","Agriculture, forestry and fishing (01 to 03)","000 Tonnes NOX","42.3"
"EAA16C02","Nitrogen Oxide (NOx) Emissions","2018","2018","V1505","Industries and construction (05 to 43)","000 Tonnes NOX","20"
"EAA16C02","Nitrogen Oxide (NOx) Emissions","2018","2018","V39845","Services (45 to 96)","000 Tonnes NOX","25.6"
"EAA16C02","Nitrogen Oxide (NOx) Emissions","2018","2018","ZXD100","Households","000 Tonnes NOX","20.6"
"EAA16C02","Nitrogen Oxide (NOx) Emissions","2018","2018","ZXD400","Total Residence Principle Emissions","000 Tonnes NOX","108.4"
"EAA16C02","Nitrogen Oxide (NOx) Emissions","2018","2018","ZXD500","Adjustment for Non-resident Activity in Ireland","000 Tonnes NOX","3.2"
"EAA16C02","Nitrogen Oxide (NOx) Emissions","2018","2018","ZXD600","Adjustment for Irish Resident Activity Abroad","000 Tonnes NOX","-1.5"
"EAA16C02","Nitrogen Oxide (NOx) Emissions","2018","2018","ZXD700","Total Territorial Principle Emissions","000 Tonnes NOX","110.1"
"EAA16C03","Ammonia (NH3) Emissions","2013","2013","V0100","Agriculture, forestry and fishing (01 to 03)","000 Tonnes NH3","116.6"
"EAA16C03","Ammonia (NH3) Emissions","2013","2013","V1505","Industries and construction (05 to 43)","000 Tonnes NH3","0.2"
"EAA16C03","Ammonia (NH3) Emissions","2013","2013","V39845","Services (45 to 96)","000 Tonnes NH3","0.1"
"EAA16C03","Ammonia (NH3) Emissions","2013","2013","ZXD100","Households","000 Tonnes NH3","1.1"
"EAA16C03","Ammonia (NH3) Emissions","2013","2013","ZXD400","Total Residence Principle Emissions","000 Tonnes NH3","117.9"
"EAA16C03","Ammonia (NH3) Emissions","2013","2013","ZXD500","Adjustment for Non-resident Activity in Ireland","000 Tonnes NH3","0"
"EAA16C03","Ammonia (NH3) Emissions","2013","2013","ZXD600","Adjustment for Irish Resident Activity Abroad","000 Tonnes NH3","0"
"EAA16C03","Ammonia (NH3) Emissions","2013","2013","ZXD700","Total Territorial Principle Emissions","000 Tonnes NH3","117.9"
"EAA16C03","Ammonia (NH3) Emissions","2014","2014","V0100","Agriculture, forestry and fishing (01 to 03)","000 Tonnes NH3","113"
"EAA16C03","Ammonia (NH3) Emissions","2014","2014","V1505","Industries and construction (05 to 43)","000 Tonnes NH3","0.2"
"EAA16C03","Ammonia (NH3) Emissions","2014","2014","V39845","Services (45 to 96)","000 Tonnes NH3","0.1"
"EAA16C03","Ammonia (NH3) Emissions","2014","2014","ZXD100","Households","000 Tonnes NH3","1"
"EAA16C03","Ammonia (NH3) Emissions","2014","2014","ZXD400","Total Residence Principle Emissions","000 Tonnes NH3","114.2"
"EAA16C03","Ammonia (NH3) Emissions","2014","2014","ZXD500","Adjustment for Non-resident Activity in Ireland","000 Tonnes NH3","0"
"EAA16C03","Ammonia (NH3) Emissions","2014","2014","ZXD600","Adjustment for Irish Resident Activity Abroad","000 Tonnes NH3","0"
"EAA16C03","Ammonia (NH3) Emissions","2014","2014","ZXD700","Total Territorial Principle Emissions","000 Tonnes NH3","114.3"
"EAA16C03","Ammonia (NH3) Emissions","2015","2015","V0100","Agriculture, forestry and fishing (01 to 03)","000 Tonnes NH3","118.4"
"EAA16C03","Ammonia (NH3) Emissions","2015","2015","V1505","Industries and construction (05 to 43)","000 Tonnes NH3","0.2"
"EAA16C03","Ammonia (NH3) Emissions","2015","2015","V39845","Services (45 to 96)","000 Tonnes NH3","0.1"
"EAA16C03","Ammonia (NH3) Emissions","2015","2015","ZXD100","Households","000 Tonnes NH3","0.9"
"EAA16C03","Ammonia (NH3) Emissions","2015","2015","ZXD400","Total Residence Principle Emissions","000 Tonnes NH3","119.5"
"EAA16C03","Ammonia (NH3) Emissions","2015","2015","ZXD500","Adjustment for Non-resident Activity in Ireland","000 Tonnes NH3","0"
"EAA16C03","Ammonia (NH3) Emissions","2015","2015","ZXD600","Adjustment for Irish Resident Activity Abroad","000 Tonnes NH3","0"
"EAA16C03","Ammonia (NH3) Emissions","2015","2015","ZXD700","Total Territorial Principle Emissions","000 Tonnes NH3","119.6"
"EAA16C03","Ammonia (NH3) Emissions","2016","2016","V0100","Agriculture, forestry and fishing (01 to 03)","000 Tonnes NH3","123.8"
"EAA16C03","Ammonia (NH3) Emissions","2016","2016","V1505","Industries and construction (05 to 43)","000 Tonnes NH3","0.2"
"EAA16C03","Ammonia (NH3) Emissions","2016","2016","V39845","Services (45 to 96)","000 Tonnes NH3","0.1"
"EAA16C03","Ammonia (NH3) Emissions","2016","2016","ZXD100","Households","000 Tonnes NH3","0.8"
"EAA16C03","Ammonia (NH3) Emissions","2016","2016","ZXD400","Total Residence Principle Emissions","000 Tonnes NH3","124.8"
"EAA16C03","Ammonia (NH3) Emissions","2016","2016","ZXD500","Adjustment for Non-resident Activity in Ireland","000 Tonnes NH3","0"
"EAA16C03","Ammonia (NH3) Emissions","2016","2016","ZXD600","Adjustment for Irish Resident Activity Abroad","000 Tonnes NH3","0"
"EAA16C03","Ammonia (NH3) Emissions","2016","2016","ZXD700","Total Territorial Principle Emissions","000 Tonnes NH3","124.8"
"EAA16C03","Ammonia (NH3) Emissions","2017","2017","V0100","Agriculture, forestry and fishing (01 to 03)","000 Tonnes NH3","127.7"
"EAA16C03","Ammonia (NH3) Emissions","2017","2017","V1505","Industries and construction (05 to 43)","000 Tonnes NH3","0.2"
"EAA16C03","Ammonia (NH3) Emissions","2017","2017","V39845","Services (45 to 96)","000 Tonnes NH3","0.1"
"EAA16C03","Ammonia (NH3) Emissions","2017","2017","ZXD100","Households","000 Tonnes NH3","0.6"
"EAA16C03","Ammonia (NH3) Emissions","2017","2017","ZXD400","Total Residence Principle Emissions","000 Tonnes NH3","128.6"
"EAA16C03","Ammonia (NH3) Emissions","2017","2017","ZXD500","Adjustment for Non-resident Activity in Ireland","000 Tonnes NH3","0"
"EAA16C03","Ammonia (NH3) Emissions","2017","2017","ZXD600","Adjustment for Irish Resident Activity Abroad","000 Tonnes NH3","0"
"EAA16C03","Ammonia (NH3) Emissions","2017","2017","ZXD700","Total Territorial Principle Emissions","000 Tonnes NH3","128.6"
"EAA16C03","Ammonia (NH3) Emissions","2018","2018","V0100","Agriculture, forestry and fishing (01 to 03)","000 Tonnes NH3","134.3"
"EAA16C03","Ammonia (NH3) Emissions","2018","2018","V1505","Industries and construction (05 to 43)","000 Tonnes NH3","0.2"
"EAA16C03","Ammonia (NH3) Emissions","2018","2018","V39845","Services (45 to 96)","000 Tonnes NH3","0.1"
"EAA16C03","Ammonia (NH3) Emissions","2018","2018","ZXD100","Households","000 Tonnes NH3","0.6"
"EAA16C03","Ammonia (NH3) Emissions","2018","2018","ZXD400","Total Residence Principle Emissions","000 Tonnes NH3","135.2"
"EAA16C03","Ammonia (NH3) Emissions","2018","2018","ZXD500","Adjustment for Non-resident Activity in Ireland","000 Tonnes NH3","0"
"EAA16C03","Ammonia (NH3) Emissions","2018","2018","ZXD600","Adjustment for Irish Resident Activity Abroad","000 Tonnes NH3","0"
"EAA16C03","Ammonia (NH3) Emissions","2018","2018","ZXD700","Total Territorial Principle Emissions","000 Tonnes NH3","135.2"
"EAA16C04","Non-Methane Volatile Organic Compound (NMVOC) Emissions","2013","2013","V0100","Agriculture, forestry and fishing (01 to 03)","000 Tonnes NMVOC","43.8"
"EAA16C04","Non-Methane Volatile Organic Compound (NMVOC) Emissions","2013","2013","V1505","Industries and construction (05 to 43)","000 Tonnes NMVOC","36.6"
"EAA16C04","Non-Methane Volatile Organic Compound (NMVOC) Emissions","2013","2013","V39845","Services (45 to 96)","000 Tonnes NMVOC","2"
"EAA16C04","Non-Methane Volatile Organic Compound (NMVOC) Emissions","2013","2013","ZXD100","Households","000 Tonnes NMVOC","28.4"
"EAA16C04","Non-Methane Volatile Organic Compound (NMVOC) Emissions","2013","2013","ZXD400","Total Residence Principle Emissions","000 Tonnes NMVOC","110.7"
"EAA16C04","Non-Methane Volatile Organic Compound (NMVOC) Emissions","2013","2013","ZXD500","Adjustment for Non-resident Activity in Ireland","000 Tonnes NMVOC","0.2"
"EAA16C04","Non-Methane Volatile Organic Compound (NMVOC) Emissions","2013","2013","ZXD600","Adjustment for Irish Resident Activity Abroad","000 Tonnes NMVOC","-0.1"
"EAA16C04","Non-Methane Volatile Organic Compound (NMVOC) Emissions","2013","2013","ZXD700","Total Territorial Principle Emissions","000 Tonnes NMVOC","110.8"
"EAA16C04","Non-Methane Volatile Organic Compound (NMVOC) Emissions","2014","2014","V0100","Agriculture, forestry and fishing (01 to 03)","000 Tonnes NMVOC","44.4"
"EAA16C04","Non-Methane Volatile Organic Compound (NMVOC) Emissions","2014","2014","V1505","Industries and construction (05 to 43)","000 Tonnes NMVOC","34.6"
"EAA16C04","Non-Methane Volatile Organic Compound (NMVOC) Emissions","2014","2014","V39845","Services (45 to 96)","000 Tonnes NMVOC","1.8"
"EAA16C04","Non-Methane Volatile Organic Compound (NMVOC) Emissions","2014","2014","ZXD100","Households","000 Tonnes NMVOC","26.9"
"EAA16C04","Non-Methane Volatile Organic Compound (NMVOC) Emissions","2014","2014","ZXD400","Total Residence Principle Emissions","000 Tonnes NMVOC","107.7"
"EAA16C04","Non-Methane Volatile Organic Compound (NMVOC) Emissions","2014","2014","ZXD500","Adjustment for Non-resident Activity in Ireland","000 Tonnes NMVOC","0.2"
"EAA16C04","Non-Methane Volatile Organic Compound (NMVOC) Emissions","2014","2014","ZXD600","Adjustment for Irish Resident Activity Abroad","000 Tonnes NMVOC","-0.1"
"EAA16C04","Non-Methane Volatile Organic Compound (NMVOC) Emissions","2014","2014","ZXD700","Total Territorial Principle Emissions","000 Tonnes NMVOC","107.9"
"EAA16C04","Non-Methane Volatile Organic Compound (NMVOC) Emissions","2015","2015","V0100","Agriculture, forestry and fishing (01 to 03)","000 Tonnes NMVOC","44.9"
"EAA16C04","Non-Methane Volatile Organic Compound (NMVOC) Emissions","2015","2015","V1505","Industries and construction (05 to 43)","000 Tonnes NMVOC","35.7"
"EAA16C04","Non-Methane Volatile Organic Compound (NMVOC) Emissions","2015","2015","V39845","Services (45 to 96)","000 Tonnes NMVOC","1.8"
"EAA16C04","Non-Methane Volatile Organic Compound (NMVOC) Emissions","2015","2015","ZXD100","Households","000 Tonnes NMVOC","26"
"EAA16C04","Non-Methane Volatile Organic Compound (NMVOC) Emissions","2015","2015","ZXD400","Total Residence Principle Emissions","000 Tonnes NMVOC","108.3"
"EAA16C04","Non-Methane Volatile Organic Compound (NMVOC) Emissions","2015","2015","ZXD500","Adjustment for Non-resident Activity in Ireland","000 Tonnes NMVOC","0.4"
"EAA16C04","Non-Methane Volatile Organic Compound (NMVOC) Emissions","2015","2015","ZXD600","Adjustment for Irish Resident Activity Abroad","000 Tonnes NMVOC","-0.1"
"EAA16C04","Non-Methane Volatile Organic Compound (NMVOC) Emissions","2015","2015","ZXD700","Total Territorial Principle Emissions","000 Tonnes NMVOC","108.6"
"EAA16C04","Non-Methane Volatile Organic Compound (NMVOC) Emissions","2016","2016","V0100","Agriculture, forestry and fishing (01 to 03)","000 Tonnes NMVOC","46.4"
"EAA16C04","Non-Methane Volatile Organic Compound (NMVOC) Emissions","2016","2016","V1505","Industries and construction (05 to 43)","000 Tonnes NMVOC","36.7"
"EAA16C04","Non-Methane Volatile Organic Compound (NMVOC) Emissions","2016","2016","V39845","Services (45 to 96)","000 Tonnes NMVOC","1.8"
"EAA16C04","Non-Methane Volatile Organic Compound (NMVOC) Emissions","2016","2016","ZXD100","Households","000 Tonnes NMVOC","24.7"
"EAA16C04","Non-Methane Volatile Organic Compound (NMVOC) Emissions","2016","2016","ZXD400","Total Residence Principle Emissions","000 Tonnes NMVOC","109.6"
"EAA16C04","Non-Methane Volatile Organic Compound (NMVOC) Emissions","2016","2016","ZXD500","Adjustment for Non-resident Activity in Ireland","000 Tonnes NMVOC","0.2"
"EAA16C04","Non-Methane Volatile Organic Compound (NMVOC) Emissions","2016","2016","ZXD600","Adjustment for Irish Resident Activity Abroad","000 Tonnes NMVOC","0"
"EAA16C04","Non-Methane Volatile Organic Compound (NMVOC) Emissions","2016","2016","ZXD700","Total Territorial Principle Emissions","000 Tonnes NMVOC","109.8"
"EAA16C04","Non-Methane Volatile Organic Compound (NMVOC) Emissions","2017","2017","V0100","Agriculture, forestry and fishing (01 to 03)","000 Tonnes NMVOC","46.8"
"EAA16C04","Non-Methane Volatile Organic Compound (NMVOC) Emissions","2017","2017","V1505","Industries and construction (05 to 43)","000 Tonnes NMVOC","42.4"
"EAA16C04","Non-Methane Volatile Organic Compound (NMVOC) Emissions","2017","2017","V39845","Services (45 to 96)","000 Tonnes NMVOC","1.7"
"EAA16C04","Non-Methane Volatile Organic Compound (NMVOC) Emissions","2017","2017","ZXD100","Households","000 Tonnes NMVOC","23.8"
"EAA16C04","Non-Methane Volatile Organic Compound (NMVOC) Emissions","2017","2017","ZXD400","Total Residence Principle Emissions","000 Tonnes NMVOC","114.7"
"EAA16C04","Non-Methane Volatile Organic Compound (NMVOC) Emissions","2017","2017","ZXD500","Adjustment for Non-resident Activity in Ireland","000 Tonnes NMVOC","0.1"
"EAA16C04","Non-Methane Volatile Organic Compound (NMVOC) Emissions","2017","2017","ZXD600","Adjustment for Irish Resident Activity Abroad","000 Tonnes NMVOC","0"
"EAA16C04","Non-Methane Volatile Organic Compound (NMVOC) Emissions","2017","2017","ZXD700","Total Territorial Principle Emissions","000 Tonnes NMVOC","114.7"
"EAA16C04","Non-Methane Volatile Organic Compound (NMVOC) Emissions","2018","2018","V0100","Agriculture, forestry and fishing (01 to 03)","000 Tonnes NMVOC","45.9"
"EAA16C04","Non-Methane Volatile Organic Compound (NMVOC) Emissions","2018","2018","V1505","Industries and construction (05 to 43)","000 Tonnes NMVOC","43.1"
"EAA16C04","Non-Methane Volatile Organic Compound (NMVOC) Emissions","2018","2018","V39845","Services (45 to 96)","000 Tonnes NMVOC","1.7"
"EAA16C04","Non-Methane Volatile Organic Compound (NMVOC) Emissions","2018","2018","ZXD100","Households","000 Tonnes NMVOC","24.3"
"EAA16C04","Non-Methane Volatile Organic Compound (NMVOC) Emissions","2018","2018","ZXD400","Total Residence Principle Emissions","000 Tonnes NMVOC","114.9"
"EAA16C04","Non-Methane Volatile Organic Compound (NMVOC) Emissions","2018","2018","ZXD500","Adjustment for Non-resident Activity in Ireland","000 Tonnes NMVOC","0.1"
"EAA16C04","Non-Methane Volatile Organic Compound (NMVOC) Emissions","2018","2018","ZXD600","Adjustment for Irish Resident Activity Abroad","000 Tonnes NMVOC","0"
"EAA16C04","Non-Methane Volatile Organic Compound (NMVOC) Emissions","2018","2018","ZXD700","Total Territorial Principle Emissions","000 Tonnes NMVOC","115"
"EAA16C05","Carbon Monoxide (CO) Emissions","2013","2013","V0100","Agriculture, forestry and fishing (01 to 03)","000 Tonnes CO","1.7"
"EAA16C05","Carbon Monoxide (CO) Emissions","2013","2013","V1505","Industries and construction (05 to 43)","000 Tonnes CO","24.4"
"EAA16C05","Carbon Monoxide (CO) Emissions","2013","2013","V39845","Services (45 to 96)","000 Tonnes CO","6.1"
"EAA16C05","Carbon Monoxide (CO) Emissions","2013","2013","ZXD100","Households","000 Tonnes CO","87.2"
"EAA16C05","Carbon Monoxide (CO) Emissions","2013","2013","ZXD400","Total Residence Principle Emissions","000 Tonnes CO","119.4"
"EAA16C05","Carbon Monoxide (CO) Emissions","2013","2013","ZXD500","Adjustment for Non-resident Activity in Ireland","000 Tonnes CO","1"
"EAA16C05","Carbon Monoxide (CO) Emissions","2013","2013","ZXD600","Adjustment for Irish Resident Activity Abroad","000 Tonnes CO","-0.4"
"EAA16C05","Carbon Monoxide (CO) Emissions","2013","2013","ZXD700","Total Territorial Principle Emissions","000 Tonnes CO","120"
"EAA16C05","Carbon Monoxide (CO) Emissions","2014","2014","V0100","Agriculture, forestry and fishing (01 to 03)","000 Tonnes CO","1.5"
"EAA16C05","Carbon Monoxide (CO) Emissions","2014","2014","V1505","Industries and construction (05 to 43)","000 Tonnes CO","25.8"
"EAA16C05","Carbon Monoxide (CO) Emissions","2014","2014","V39845","Services (45 to 96)","000 Tonnes CO","5.9"
"EAA16C05","Carbon Monoxide (CO) Emissions","2014","2014","ZXD100","Households","000 Tonnes CO","79.6"
"EAA16C05","Carbon Monoxide (CO) Emissions","2014","2014","ZXD400","Total Residence Principle Emissions","000 Tonnes CO","112.7"
"EAA16C05","Carbon Monoxide (CO) Emissions","2014","2014","ZXD500","Adjustment for Non-resident Activity in Ireland","000 Tonnes CO","1.2"
"EAA16C05","Carbon Monoxide (CO) Emissions","2014","2014","ZXD600","Adjustment for Irish Resident Activity Abroad","000 Tonnes CO","-0.4"
"EAA16C05","Carbon Monoxide (CO) Emissions","2014","2014","ZXD700","Total Territorial Principle Emissions","000 Tonnes CO","113.5"
"EAA16C05","Carbon Monoxide (CO) Emissions","2015","2015","V0100","Agriculture, forestry and fishing (01 to 03)","000 Tonnes CO","1.4"
"EAA16C05","Carbon Monoxide (CO) Emissions","2015","2015","V1505","Industries and construction (05 to 43)","000 Tonnes CO","27.9"
"EAA16C05","Carbon Monoxide (CO) Emissions","2015","2015","V39845","Services (45 to 96)","000 Tonnes CO","5.6"
"EAA16C05","Carbon Monoxide (CO) Emissions","2015","2015","ZXD100","Households","000 Tonnes CO","75.2"
"EAA16C05","Carbon Monoxide (CO) Emissions","2015","2015","ZXD400","Total Residence Principle Emissions","000 Tonnes CO","110"
"EAA16C05","Carbon Monoxide (CO) Emissions","2015","2015","ZXD500","Adjustment for Non-resident Activity in Ireland","000 Tonnes CO","1.5"
"EAA16C05","Carbon Monoxide (CO) Emissions","2015","2015","ZXD600","Adjustment for Irish Resident Activity Abroad","000 Tonnes CO","-0.4"
"EAA16C05","Carbon Monoxide (CO) Emissions","2015","2015","ZXD700","Total Territorial Principle Emissions","000 Tonnes CO","111.2"
"EAA16C05","Carbon Monoxide (CO) Emissions","2016","2016","V0100","Agriculture, forestry and fishing (01 to 03)","000 Tonnes CO","1.4"
"EAA16C05","Carbon Monoxide (CO) Emissions","2016","2016","V1505","Industries and construction (05 to 43)","000 Tonnes CO","28.3"
"EAA16C05","Carbon Monoxide (CO) Emissions","2016","2016","V39845","Services (45 to 96)","000 Tonnes CO","6"
"EAA16C05","Carbon Monoxide (CO) Emissions","2016","2016","ZXD100","Households","000 Tonnes CO","67.7"
"EAA16C05","Carbon Monoxide (CO) Emissions","2016","2016","ZXD400","Total Residence Principle Emissions","000 Tonnes CO","103.4"
"EAA16C05","Carbon Monoxide (CO) Emissions","2016","2016","ZXD500","Adjustment for Non-resident Activity in Ireland","000 Tonnes CO","1.1"
"EAA16C05","Carbon Monoxide (CO) Emissions","2016","2016","ZXD600","Adjustment for Irish Resident Activity Abroad","000 Tonnes CO","-0.3"
"EAA16C05","Carbon Monoxide (CO) Emissions","2016","2016","ZXD700","Total Territorial Principle Emissions","000 Tonnes CO","104.2"
"EAA16C05","Carbon Monoxide (CO) Emissions","2017","2017","V0100","Agriculture, forestry and fishing (01 to 03)","000 Tonnes CO","1.4"
"EAA16C05","Carbon Monoxide (CO) Emissions","2017","2017","V1505","Industries and construction (05 to 43)","000 Tonnes CO","26.3"
"EAA16C05","Carbon Monoxide (CO) Emissions","2017","2017","V39845","Services (45 to 96)","000 Tonnes CO","5.8"
"EAA16C05","Carbon Monoxide (CO) Emissions","2017","2017","ZXD100","Households","000 Tonnes CO","58"
"EAA16C05","Carbon Monoxide (CO) Emissions","2017","2017","ZXD400","Total Residence Principle Emissions","000 Tonnes CO","91.5"
"EAA16C05","Carbon Monoxide (CO) Emissions","2017","2017","ZXD500","Adjustment for Non-resident Activity in Ireland","000 Tonnes CO","0.5"
"EAA16C05","Carbon Monoxide (CO) Emissions","2017","2017","ZXD600","Adjustment for Irish Resident Activity Abroad","000 Tonnes CO","-0.3"
"EAA16C05","Carbon Monoxide (CO) Emissions","2017","2017","ZXD700","Total Territorial Principle Emissions","000 Tonnes CO","91.7"
"EAA16C05","Carbon Monoxide (CO) Emissions","2018","2018","V0100","Agriculture, forestry and fishing (01 to 03)","000 Tonnes CO","1.5"
"EAA16C05","Carbon Monoxide (CO) Emissions","2018","2018","V1505","Industries and construction (05 to 43)","000 Tonnes CO","21.1"
"EAA16C05","Carbon Monoxide (CO) Emissions","2018","2018","V39845","Services (45 to 96)","000 Tonnes CO","5.7"
"EAA16C05","Carbon Monoxide (CO) Emissions","2018","2018","ZXD100","Households","000 Tonnes CO","53.8"
"EAA16C05","Carbon Monoxide (CO) Emissions","2018","2018","ZXD400","Total Residence Principle Emissions","000 Tonnes CO","82.1"
"EAA16C05","Carbon Monoxide (CO) Emissions","2018","2018","ZXD500","Adjustment for Non-resident Activity in Ireland","000 Tonnes CO","0.5"
"EAA16C05","Carbon Monoxide (CO) Emissions","2018","2018","ZXD600","Adjustment for Irish Resident Activity Abroad","000 Tonnes CO","-0.2"
"EAA16C05","Carbon Monoxide (CO) Emissions","2018","2018","ZXD700","Total Territorial Principle Emissions","000 Tonnes CO","82.4"
"EAA16C06","PM 2.5 Emissions","2013","2013","V0100","Agriculture, forestry and fishing (01 to 03)","000 Tonnes PM2.5","1.1"
"EAA16C06","PM 2.5 Emissions","2013","2013","V1505","Industries and construction (05 to 43)","000 Tonnes PM2.5","2.2"
"EAA16C06","PM 2.5 Emissions","2013","2013","V39845","Services (45 to 96)","000 Tonnes PM2.5","1.1"
"EAA16C06","PM 2.5 Emissions","2013","2013","ZXD100","Households","000 Tonnes PM2.5","10.3"
"EAA16C06","PM 2.5 Emissions","2013","2013","ZXD400","Total Residence Principle Emissions","000 Tonnes PM2.5","14.7"
"EAA16C06","PM 2.5 Emissions","2013","2013","ZXD500","Adjustment for Non-resident Activity in Ireland","000 Tonnes PM2.5","0.2"
"EAA16C06","PM 2.5 Emissions","2013","2013","ZXD600","Adjustment for Irish Resident Activity Abroad","000 Tonnes PM2.5","-0.1"
"EAA16C06","PM 2.5 Emissions","2013","2013","ZXD700","Total Territorial Principle Emissions","000 Tonnes PM2.5","14.8"
"EAA16C06","PM 2.5 Emissions","2014","2014","V0100","Agriculture, forestry and fishing (01 to 03)","000 Tonnes PM2.5","1.1"
"EAA16C06","PM 2.5 Emissions","2014","2014","V1505","Industries and construction (05 to 43)","000 Tonnes PM2.5","2.4"
"EAA16C06","PM 2.5 Emissions","2014","2014","V39845","Services (45 to 96)","000 Tonnes PM2.5","1"
"EAA16C06","PM 2.5 Emissions","2014","2014","ZXD100","Households","000 Tonnes PM2.5","9.3"
"EAA16C06","PM 2.5 Emissions","2014","2014","ZXD400","Total Residence Principle Emissions","000 Tonnes PM2.5","13.8"
"EAA16C06","PM 2.5 Emissions","2014","2014","ZXD500","Adjustment for Non-resident Activity in Ireland","000 Tonnes PM2.5","0.3"
"EAA16C06","PM 2.5 Emissions","2014","2014","ZXD600","Adjustment for Irish Resident Activity Abroad","000 Tonnes PM2.5","-0.1"
"EAA16C06","PM 2.5 Emissions","2014","2014","ZXD700","Total Territorial Principle Emissions","000 Tonnes PM2.5","14"
"EAA16C06","PM 2.5 Emissions","2015","2015","V0100","Agriculture, forestry and fishing (01 to 03)","000 Tonnes PM2.5","1.1"
"EAA16C06","PM 2.5 Emissions","2015","2015","V1505","Industries and construction (05 to 43)","000 Tonnes PM2.5","2.5"
"EAA16C06","PM 2.5 Emissions","2015","2015","V39845","Services (45 to 96)","000 Tonnes PM2.5","0.9"
"EAA16C06","PM 2.5 Emissions","2015","2015","ZXD100","Households","000 Tonnes PM2.5","9.3"
"EAA16C06","PM 2.5 Emissions","2015","2015","ZXD400","Total Residence Principle Emissions","000 Tonnes PM2.5","13.8"
"EAA16C06","PM 2.5 Emissions","2015","2015","ZXD500","Adjustment for Non-resident Activity in Ireland","000 Tonnes PM2.5","0.4"
"EAA16C06","PM 2.5 Emissions","2015","2015","ZXD600","Adjustment for Irish Resident Activity Abroad","000 Tonnes PM2.5","-0.1"
"EAA16C06","PM 2.5 Emissions","2015","2015","ZXD700","Total Territorial Principle Emissions","000 Tonnes PM2.5","14.1"
"EAA16C06","PM 2.5 Emissions","2016","2016","V0100","Agriculture, forestry and fishing (01 to 03)","000 Tonnes PM2.5","1.1"
"EAA16C06","PM 2.5 Emissions","2016","2016","V1505","Industries and construction (05 to 43)","000 Tonnes PM2.5","2.5"
"EAA16C06","PM 2.5 Emissions","2016","2016","V39845","Services (45 to 96)","000 Tonnes PM2.5","1"
"EAA16C06","PM 2.5 Emissions","2016","2016","ZXD100","Households","000 Tonnes PM2.5","8.5"
"EAA16C06","PM 2.5 Emissions","2016","2016","ZXD400","Total Residence Principle Emissions","000 Tonnes PM2.5","13.1"
"EAA16C06","PM 2.5 Emissions","2016","2016","ZXD500","Adjustment for Non-resident Activity in Ireland","000 Tonnes PM2.5","0.3"
"EAA16C06","PM 2.5 Emissions","2016","2016","ZXD600","Adjustment for Irish Resident Activity Abroad","000 Tonnes PM2.5","-0.1"
"EAA16C06","PM 2.5 Emissions","2016","2016","ZXD700","Total Territorial Principle Emissions","000 Tonnes PM2.5","13.3"
"EAA16C06","PM 2.5 Emissions","2017","2017","V0100","Agriculture, forestry and fishing (01 to 03)","000 Tonnes PM2.5","1.1"
"EAA16C06","PM 2.5 Emissions","2017","2017","V1505","Industries and construction (05 to 43)","000 Tonnes PM2.5","2.6"
"EAA16C06","PM 2.5 Emissions","2017","2017","V39845","Services (45 to 96)","000 Tonnes PM2.5","1"
"EAA16C06","PM 2.5 Emissions","2017","2017","ZXD100","Households","000 Tonnes PM2.5","8.3"
"EAA16C06","PM 2.5 Emissions","2017","2017","ZXD400","Total Residence Principle Emissions","000 Tonnes PM2.5","13"
"EAA16C06","PM 2.5 Emissions","2017","2017","ZXD500","Adjustment for Non-resident Activity in Ireland","000 Tonnes PM2.5","0.1"
"EAA16C06","PM 2.5 Emissions","2017","2017","ZXD600","Adjustment for Irish Resident Activity Abroad","000 Tonnes PM2.5","-0.1"
"EAA16C06","PM 2.5 Emissions","2017","2017","ZXD700","Total Territorial Principle Emissions","000 Tonnes PM2.5","13.1"
"EAA16C06","PM 2.5 Emissions","2018","2018","V0100","Agriculture, forestry and fishing (01 to 03)","000 Tonnes PM2.5","1.1"
"EAA16C06","PM 2.5 Emissions","2018","2018","V1505","Industries and construction (05 to 43)","000 Tonnes PM2.5","2.5"
"EAA16C06","PM 2.5 Emissions","2018","2018","V39845","Services (45 to 96)","000 Tonnes PM2.5","0.9"
"EAA16C06","PM 2.5 Emissions","2018","2018","ZXD100","Households","000 Tonnes PM2.5","9.1"
"EAA16C06","PM 2.5 Emissions","2018","2018","ZXD400","Total Residence Principle Emissions","000 Tonnes PM2.5","13.6"
"EAA16C06","PM 2.5 Emissions","2018","2018","ZXD500","Adjustment for Non-resident Activity in Ireland","000 Tonnes PM2.5","0.1"
"EAA16C06","PM 2.5 Emissions","2018","2018","ZXD600","Adjustment for Irish Resident Activity Abroad","000 Tonnes PM2.5","-0.1"
"EAA16C06","PM 2.5 Emissions","2018","2018","ZXD700","Total Territorial Principle Emissions","000 Tonnes PM2.5","13.6"
"EAA16C07","PM 10 Emissions","2013","2013","V0100","Agriculture, forestry and fishing (01 to 03)","000 Tonnes PM10","8.8"
"EAA16C07","PM 10 Emissions","2013","2013","V1505","Industries and construction (05 to 43)","000 Tonnes PM10","8.1"
"EAA16C07","PM 10 Emissions","2013","2013","V39845","Services (45 to 96)","000 Tonnes PM10","1.3"
"EAA16C07","PM 10 Emissions","2013","2013","ZXD100","Households","000 Tonnes PM10","10.8"
"EAA16C07","PM 10 Emissions","2013","2013","ZXD400","Total Residence Principle Emissions","000 Tonnes PM10","29"
"EAA16C07","PM 10 Emissions","2013","2013","ZXD500","Adjustment for Non-resident Activity in Ireland","000 Tonnes PM10","0.3"
"EAA16C07","PM 10 Emissions","2013","2013","ZXD600","Adjustment for Irish Resident Activity Abroad","000 Tonnes PM10","-0.1"
"EAA16C07","PM 10 Emissions","2013","2013","ZXD700","Total Territorial Principle Emissions","000 Tonnes PM10","29.2"
"EAA16C07","PM 10 Emissions","2014","2014","V0100","Agriculture, forestry and fishing (01 to 03)","000 Tonnes PM10","8.8"
"EAA16C07","PM 10 Emissions","2014","2014","V1505","Industries and construction (05 to 43)","000 Tonnes PM10","8.2"
"EAA16C07","PM 10 Emissions","2014","2014","V39845","Services (45 to 96)","000 Tonnes PM10","1.3"
"EAA16C07","PM 10 Emissions","2014","2014","ZXD100","Households","000 Tonnes PM10","9.8"
"EAA16C07","PM 10 Emissions","2014","2014","ZXD400","Total Residence Principle Emissions","000 Tonnes PM10","28"
"EAA16C07","PM 10 Emissions","2014","2014","ZXD500","Adjustment for Non-resident Activity in Ireland","000 Tonnes PM10","0.4"
"EAA16C07","PM 10 Emissions","2014","2014","ZXD600","Adjustment for Irish Resident Activity Abroad","000 Tonnes PM10","-0.1"
"EAA16C07","PM 10 Emissions","2014","2014","ZXD700","Total Territorial Principle Emissions","000 Tonnes PM10","28.3"
"EAA16C07","PM 10 Emissions","2015","2015","V0100","Agriculture, forestry and fishing (01 to 03)","000 Tonnes PM10","8.8"
"EAA16C07","PM 10 Emissions","2015","2015","V1505","Industries and construction (05 to 43)","000 Tonnes PM10","8.7"
"EAA16C07","PM 10 Emissions","2015","2015","V39845","Services (45 to 96)","000 Tonnes PM10","1.2"
"EAA16C07","PM 10 Emissions","2015","2015","ZXD100","Households","000 Tonnes PM10","9.8"
"EAA16C07","PM 10 Emissions","2015","2015","ZXD400","Total Residence Principle Emissions","000 Tonnes PM10","28.4"
"EAA16C07","PM 10 Emissions","2015","2015","ZXD500","Adjustment for Non-resident Activity in Ireland","000 Tonnes PM10","0.5"
"EAA16C07","PM 10 Emissions","2015","2015","ZXD600","Adjustment for Irish Resident Activity Abroad","000 Tonnes PM10","-0.1"
"EAA16C07","PM 10 Emissions","2015","2015","ZXD700","Total Territorial Principle Emissions","000 Tonnes PM10","28.8"
"EAA16C07","PM 10 Emissions","2016","2016","V0100","Agriculture, forestry and fishing (01 to 03)","000 Tonnes PM10","8.8"
"EAA16C07","PM 10 Emissions","2016","2016","V1505","Industries and construction (05 to 43)","000 Tonnes PM10","9"
"EAA16C07","PM 10 Emissions","2016","2016","V39845","Services (45 to 96)","000 Tonnes PM10","1.3"
"EAA16C07","PM 10 Emissions","2016","2016","ZXD100","Households","000 Tonnes PM10","9"
"EAA16C07","PM 10 Emissions","2016","2016","ZXD400","Total Residence Principle Emissions","000 Tonnes PM10","28.1"
"EAA16C07","PM 10 Emissions","2016","2016","ZXD500","Adjustment for Non-resident Activity in Ireland","000 Tonnes PM10","0.4"
"EAA16C07","PM 10 Emissions","2016","2016","ZXD600","Adjustment for Irish Resident Activity Abroad","000 Tonnes PM10","-0.1"
"EAA16C07","PM 10 Emissions","2016","2016","ZXD700","Total Territorial Principle Emissions","000 Tonnes PM10","28.3"
"EAA16C07","PM 10 Emissions","2017","2017","V0100","Agriculture, forestry and fishing (01 to 03)","000 Tonnes PM10","8.9"
"EAA16C07","PM 10 Emissions","2017","2017","V1505","Industries and construction (05 to 43)","000 Tonnes PM10","10.1"
"EAA16C07","PM 10 Emissions","2017","2017","V39845","Services (45 to 96)","000 Tonnes PM10","1.3"
"EAA16C07","PM 10 Emissions","2017","2017","ZXD100","Households","000 Tonnes PM10","8.8"
"EAA16C07","PM 10 Emissions","2017","2017","ZXD400","Total Residence Principle Emissions","000 Tonnes PM10","29.2"
"EAA16C07","PM 10 Emissions","2017","2017","ZXD500","Adjustment for Non-resident Activity in Ireland","000 Tonnes PM10","0.2"
"EAA16C07","PM 10 Emissions","2017","2017","ZXD600","Adjustment for Irish Resident Activity Abroad","000 Tonnes PM10","-0.1"
"EAA16C07","PM 10 Emissions","2017","2017","ZXD700","Total Territorial Principle Emissions","000 Tonnes PM10","29.3"
"EAA16C07","PM 10 Emissions","2018","2018","V0100","Agriculture, forestry and fishing (01 to 03)","000 Tonnes PM10","9"
"EAA16C07","PM 10 Emissions","2018","2018","V1505","Industries and construction (05 to 43)","000 Tonnes PM10","9.2"
"EAA16C07","PM 10 Emissions","2018","2018","V39845","Services (45 to 96)","000 Tonnes PM10","1.2"
"EAA16C07","PM 10 Emissions","2018","2018","ZXD100","Households","000 Tonnes PM10","9.6"
"EAA16C07","PM 10 Emissions","2018","2018","ZXD400","Total Residence Principle Emissions","000 Tonnes PM10","29"
"EAA16C07","PM 10 Emissions","2018","2018","ZXD500","Adjustment for Non-resident Activity in Ireland","000 Tonnes PM10","0.2"
"EAA16C07","PM 10 Emissions","2018","2018","ZXD600","Adjustment for Irish Resident Activity Abroad","000 Tonnes PM10","-0.1"
"EAA16C07","PM 10 Emissions","2018","2018","ZXD700","Total Territorial Principle Emissions","000 Tonnes PM10","29.1"
