﻿"STATISTIC","Statistic","TLIST(A1)","Year","C01888V02321","Area of Residence","C03560V04296","Place of Occurrence","UNIT","VALUE"
"VSD37","Deaths","2013","2013","1-","Wicklow","-","All places of occurrence","Number","796"
"VSD37","Deaths","2013","2013","10","Carlow","-","All places of occurrence","Number","389"
"VSD37","Deaths","2013","2013","11","Kildare","-","All places of occurrence","Number","924"
"VSD37","Deaths","2013","2013","12","Kilkenny","-","All places of occurrence","Number","643"
"VSD37","Deaths","2013","2013","13","Laois","-","All places of occurrence","Number","443"
"VSD37","Deaths","2013","2013","14","Longford","-","All places of occurrence","Number","290"
"VSD37","Deaths","2013","2013","15","Louth","-","All places of occurrence","Number","739"
"VSD37","Deaths","2013","2013","16","Meath","-","All places of occurrence","Number","834"
"VSD37","Deaths","2013","2013","17","Offaly","-","All places of occurrence","Number","477"
"VSD37","Deaths","2013","2013","18","Westmeath","-","All places of occurrence","Number","602"
"VSD37","Deaths","2013","2013","19","Wexford","-","All places of occurrence","Number","989"
"VSD37","Deaths","2013","2013","20","Clare","-","All places of occurrence","Number","792"
"VSD37","Deaths","2013","2013","25","Kerry","-","All places of occurrence","Number","1190"
"VSD37","Deaths","2013","2013","31","Leitrim","-","All places of occurrence","Number","260"
"VSD37","Deaths","2013","2013","32","Mayo","-","All places of occurrence","Number","1152"
"VSD37","Deaths","2013","2013","33","Roscommon","-","All places of occurrence","Number","486"
"VSD37","Deaths","2013","2013","34","Sligo","-","All places of occurrence","Number","477"
"VSD37","Deaths","2013","2013","40","Cavan","-","All places of occurrence","Number","495"
"VSD37","Deaths","2013","2013","41","Donegal","-","All places of occurrence","Number","1123"
"VSD37","Deaths","2013","2013","42","Monaghan","-","All places of occurrence","Number","412"
"VSD37","Deaths","2014","2014","1-","Wicklow","-","All places of occurrence","Number","793"
"VSD37","Deaths","2014","2014","10","Carlow","-","All places of occurrence","Number","369"
"VSD37","Deaths","2014","2014","11","Kildare","-","All places of occurrence","Number","933"
"VSD37","Deaths","2014","2014","12","Kilkenny","-","All places of occurrence","Number","559"
"VSD37","Deaths","2014","2014","13","Laois","-","All places of occurrence","Number","423"
"VSD37","Deaths","2014","2014","14","Longford","-","All places of occurrence","Number","265"
"VSD37","Deaths","2014","2014","15","Louth","-","All places of occurrence","Number","721"
"VSD37","Deaths","2014","2014","16","Meath","-","All places of occurrence","Number","859"
"VSD37","Deaths","2014","2014","17","Offaly","-","All places of occurrence","Number","461"
"VSD37","Deaths","2014","2014","18","Westmeath","-","All places of occurrence","Number","607"
"VSD37","Deaths","2014","2014","19","Wexford","-","All places of occurrence","Number","1023"
"VSD37","Deaths","2014","2014","20","Clare","-","All places of occurrence","Number","831"
"VSD37","Deaths","2014","2014","25","Kerry","-","All places of occurrence","Number","1175"
"VSD37","Deaths","2014","2014","31","Leitrim","-","All places of occurrence","Number","250"
"VSD37","Deaths","2014","2014","32","Mayo","-","All places of occurrence","Number","1063"
"VSD37","Deaths","2014","2014","33","Roscommon","-","All places of occurrence","Number","514"
"VSD37","Deaths","2014","2014","34","Sligo","-","All places of occurrence","Number","466"
"VSD37","Deaths","2014","2014","40","Cavan","-","All places of occurrence","Number","510"
"VSD37","Deaths","2014","2014","41","Donegal","-","All places of occurrence","Number","1121"
"VSD37","Deaths","2014","2014","42","Monaghan","-","All places of occurrence","Number","428"
"VSD37","Deaths","2015","2015","1-","Wicklow","-","All places of occurrence","Number","835"
"VSD37","Deaths","2015","2015","10","Carlow","-","All places of occurrence","Number","394"
"VSD37","Deaths","2015","2015","11","Kildare","-","All places of occurrence","Number","919"
"VSD37","Deaths","2015","2015","12","Kilkenny","-","All places of occurrence","Number","622"
"VSD37","Deaths","2015","2015","13","Laois","-","All places of occurrence","Number","467"
"VSD37","Deaths","2015","2015","14","Longford","-","All places of occurrence","Number","292"
"VSD37","Deaths","2015","2015","15","Louth","-","All places of occurrence","Number","818"
"VSD37","Deaths","2015","2015","16","Meath","-","All places of occurrence","Number","898"
"VSD37","Deaths","2015","2015","17","Offaly","-","All places of occurrence","Number","481"
"VSD37","Deaths","2015","2015","18","Westmeath","-","All places of occurrence","Number","556"
"VSD37","Deaths","2015","2015","19","Wexford","-","All places of occurrence","Number","986"
"VSD37","Deaths","2015","2015","20","Clare","-","All places of occurrence","Number","859"
"VSD37","Deaths","2015","2015","25","Kerry","-","All places of occurrence","Number","1172"
"VSD37","Deaths","2015","2015","31","Leitrim","-","All places of occurrence","Number","283"
"VSD37","Deaths","2015","2015","32","Mayo","-","All places of occurrence","Number","1062"
"VSD37","Deaths","2015","2015","33","Roscommon","-","All places of occurrence","Number","524"
"VSD37","Deaths","2015","2015","34","Sligo","-","All places of occurrence","Number","506"
"VSD37","Deaths","2015","2015","40","Cavan","-","All places of occurrence","Number","503"
"VSD37","Deaths","2015","2015","41","Donegal","-","All places of occurrence","Number","1144"
"VSD37","Deaths","2015","2015","42","Monaghan","-","All places of occurrence","Number","414"
"VSD37","Deaths","2016","2016","1-","Wicklow","-","All places of occurrence","Number","843"
"VSD37","Deaths","2016","2016","10","Carlow","-","All places of occurrence","Number","381"
"VSD37","Deaths","2016","2016","11","Kildare","-","All places of occurrence","Number","988"
"VSD37","Deaths","2016","2016","12","Kilkenny","-","All places of occurrence","Number","666"
"VSD37","Deaths","2016","2016","13","Laois","-","All places of occurrence","Number","479"
"VSD37","Deaths","2016","2016","14","Longford","-","All places of occurrence","Number","276"
"VSD37","Deaths","2016","2016","15","Louth","-","All places of occurrence","Number","761"
"VSD37","Deaths","2016","2016","16","Meath","-","All places of occurrence","Number","868"
"VSD37","Deaths","2016","2016","17","Offaly","-","All places of occurrence","Number","496"
"VSD37","Deaths","2016","2016","18","Westmeath","-","All places of occurrence","Number","604"
"VSD37","Deaths","2016","2016","19","Wexford","-","All places of occurrence","Number","1051"
"VSD37","Deaths","2016","2016","20","Clare","-","All places of occurrence","Number","877"
"VSD37","Deaths","2016","2016","25","Kerry","-","All places of occurrence","Number","1217"
"VSD37","Deaths","2016","2016","31","Leitrim","-","All places of occurrence","Number","295"
"VSD37","Deaths","2016","2016","32","Mayo","-","All places of occurrence","Number","1096"
"VSD37","Deaths","2016","2016","33","Roscommon","-","All places of occurrence","Number","510"
"VSD37","Deaths","2016","2016","34","Sligo","-","All places of occurrence","Number","506"
"VSD37","Deaths","2016","2016","40","Cavan","-","All places of occurrence","Number","522"
"VSD37","Deaths","2016","2016","41","Donegal","-","All places of occurrence","Number","1136"
"VSD37","Deaths","2016","2016","42","Monaghan","-","All places of occurrence","Number","431"
"VSD37","Deaths","2017","2017","1-","Wicklow","-","All places of occurrence","Number","868"
"VSD37","Deaths","2017","2017","10","Carlow","-","All places of occurrence","Number","397"
"VSD37","Deaths","2017","2017","11","Kildare","-","All places of occurrence","Number","1003"
"VSD37","Deaths","2017","2017","12","Kilkenny","-","All places of occurrence","Number","623"
"VSD37","Deaths","2017","2017","13","Laois","-","All places of occurrence","Number","469"
"VSD37","Deaths","2017","2017","14","Longford","-","All places of occurrence","Number","291"
"VSD37","Deaths","2017","2017","15","Louth","-","All places of occurrence","Number","814"
"VSD37","Deaths","2017","2017","16","Meath","-","All places of occurrence","Number","908"
"VSD37","Deaths","2017","2017","17","Offaly","-","All places of occurrence","Number","468"
"VSD37","Deaths","2017","2017","18","Westmeath","-","All places of occurrence","Number","568"
"VSD37","Deaths","2017","2017","19","Wexford","-","All places of occurrence","Number","1056"
"VSD37","Deaths","2017","2017","20","Clare","-","All places of occurrence","Number","797"
"VSD37","Deaths","2017","2017","25","Kerry","-","All places of occurrence","Number","1126"
"VSD37","Deaths","2017","2017","31","Leitrim","-","All places of occurrence","Number","253"
"VSD37","Deaths","2017","2017","32","Mayo","-","All places of occurrence","Number","1080"
"VSD37","Deaths","2017","2017","33","Roscommon","-","All places of occurrence","Number","471"
"VSD37","Deaths","2017","2017","34","Sligo","-","All places of occurrence","Number","509"
"VSD37","Deaths","2017","2017","40","Cavan","-","All places of occurrence","Number","491"
"VSD37","Deaths","2017","2017","41","Donegal","-","All places of occurrence","Number","1194"
"VSD37","Deaths","2017","2017","42","Monaghan","-","All places of occurrence","Number","425"
"VSD37","Deaths","2018","2018","1-","Wicklow","-","All places of occurrence","Number","872"
"VSD37","Deaths","2018","2018","10","Carlow","-","All places of occurrence","Number","369"
"VSD37","Deaths","2018","2018","11","Kildare","-","All places of occurrence","Number","1011"
"VSD37","Deaths","2018","2018","12","Kilkenny","-","All places of occurrence","Number","669"
"VSD37","Deaths","2018","2018","13","Laois","-","All places of occurrence","Number","444"
"VSD37","Deaths","2018","2018","14","Longford","-","All places of occurrence","Number","274"
"VSD37","Deaths","2018","2018","15","Louth","-","All places of occurrence","Number","804"
"VSD37","Deaths","2018","2018","16","Meath","-","All places of occurrence","Number","978"
"VSD37","Deaths","2018","2018","17","Offaly","-","All places of occurrence","Number","483"
"VSD37","Deaths","2018","2018","18","Westmeath","-","All places of occurrence","Number","573"
"VSD37","Deaths","2018","2018","19","Wexford","-","All places of occurrence","Number","1129"
"VSD37","Deaths","2018","2018","20","Clare","-","All places of occurrence","Number","858"
"VSD37","Deaths","2018","2018","25","Kerry","-","All places of occurrence","Number","1203"
"VSD37","Deaths","2018","2018","31","Leitrim","-","All places of occurrence","Number","281"
"VSD37","Deaths","2018","2018","32","Mayo","-","All places of occurrence","Number","1107"
"VSD37","Deaths","2018","2018","33","Roscommon","-","All places of occurrence","Number","531"
"VSD37","Deaths","2018","2018","34","Sligo","-","All places of occurrence","Number","516"
"VSD37","Deaths","2018","2018","40","Cavan","-","All places of occurrence","Number","505"
"VSD37","Deaths","2018","2018","41","Donegal","-","All places of occurrence","Number","1178"
"VSD37","Deaths","2018","2018","42","Monaghan","-","All places of occurrence","Number","425"
